{
    "accuracy": 0.7946428571428571,
    "precision": 0.8235294117647058,
    "recall": 0.75,
    "f1_score": 0.7850467289719626,
    "roc_auc": 0.8807397959183674,
    "selected_threshold": 0.40,
    "confusion_matrix": [
        [
            141,
            27
        ],
        [
            42,
            126
        ]
    ]
}